0.171319,0.171319,0.171319,0.171319,0.171319,0.171319,0.171319,0.171319,0.171319,0.171319,0.171319,2.10701
2.10701,2.10701,2.10701,2.10701,0.784465,0.784465,0.784465,0.784465,0.784465,0.784465,0.784465,0.784465
2.04617,2.04617,2.04617,2.04617,2.04617,1.83216,1.83216,1.83216,1.83216,1.83216,0.561872,0.561872
0.561872,0.561872,0.561872,0.76516,0.76516,0.76516,0.76516,0.76516,0.528128,0.528128,0.528128,0.528128
0.528128,0.528128,0.528128,0.528128,0.528128,3.04564,3.04564,3.04564,3.04564,3.04564,3.04564,3.04564
3.04564,3.04564,3.04564,1.58756,1.58756,1.58756,1.58756,1.58756,1.58756,0.861673,0.861673,0.861673
0.861673,0.313723,0.313723,0.313723,0.313723,0.313723,0.313723,0.313723,0.672815,0.672815,0.672815,0.672815
3.31903,3.31903,3.31903,3.31903,3.31903,4.12336,4.12336,4.12336,4.12336,4.12336,3.05002,3.05002
3.05002,3.05002,0.32142,0.32142,0.32142,0.32142,0.32142,0.32142,0.32142,0.957662,0.957662,0.957662
0.957662,0.957662,0.957662,0.957662,0.957662,0.957662,0.437567,0.437567,0.437567,0.437567,0.437567,0.437567
0.238661,0.238661,0.238661,0.238661,0.238661,1.04888,1.04888,1.04888,1.04888,1.04888,0.327789,0.327789
0.327789,0.327789,0.220067,0.220067,0.220067,0.220067,0.220067,2.4942,2.4942,2.4942,2.4942,2.4942
2.4942,2.4942,2.4942,2.4942,2.4942,2.4942,2.4942,2.4942,2.4942,2.4942,2.4942,0.503215
0.503215,0.503215,0.503215,0.503215,0.503215,0.503215,0.503215,0.503215,0.503215,0.503215,0.503215,0.503215
0.503215,0.503215,0.503215,0.503215,0.503215,0.503215
