205.847,205.847,205.847,205.847,205.847,205.847,205.847,205.847,205.847,205.847,205.847,203.833
203.833,203.833,203.833,203.833,199.428,199.428,199.428,199.428,199.428,199.428,199.428,199.428
228.088,228.088,228.088,228.088,228.088,224.068,224.068,224.068,224.068,224.068,210.667,210.667
210.667,210.667,210.667,211.026,211.026,211.026,211.026,211.026,198.227,198.227,198.227,198.227
198.227,198.227,198.227,198.227,198.227,188.526,188.526,188.526,188.526,188.526,188.526,188.526
188.526,188.526,188.526,170.937,170.937,170.937,170.937,170.937,170.937,176.227,176.227,176.227
176.227,183.007,183.007,183.007,183.007,183.007,183.007,183.007,195.025,195.025,195.025,195.025
191.172,191.172,191.172,191.172,191.172,179.768,179.768,179.768,179.768,179.768,174.909,174.909
174.909,174.909,173.43,173.43,173.43,173.43,173.43,173.43,173.43,183.006,183.006,183.006
183.006,183.006,183.006,183.006,183.006,183.006,170.471,170.471,170.471,170.471,170.471,170.471
171.679,171.679,171.679,171.679,171.679,173.77,173.77,173.77,173.77,173.77,175.254,175.254
175.254,175.254,177.61,177.61,177.61,177.61,177.61,167.308,167.308,167.308,167.308,167.308
167.308,167.308,167.308,167.308,167.308,167.308,167.308,167.308,167.308,167.308,167.308,151.645
151.645,151.645,151.645,151.645,151.645,151.645,151.645,151.645,151.645,151.645,151.645,151.645
151.645,151.645,151.645,151.645,151.645,151.645
